<?xml version="1.0" encoding="UTF-8"?>
<project-private xmlns="http://www.netbeans.org/ns/project-private/1">
    <editor-bookmarks xmlns="http://www.netbeans.org/ns/editor-bookmarks/2" lastBookmarkId="0"/>
    <open-files xmlns="http://www.netbeans.org/ns/projectui-open-files/2">
        <group>
            <file>file:/C:/Users/pmage_000/OneDrive/Public/SDEV32015/WEEK2/LABS/Lab%204%20Solution/Lab%204%20Solution/src/lab/pkg4/solution/Circle.java</file>
            <file>file:/C:/Users/pmage_000/OneDrive/Public/SDEV32015/WEEK2/LABS/Lab%204%20Solution/Lab%204%20Solution/src/lab/pkg4/solution/TestShape.java</file>
            <file>file:/C:/Users/pmage_000/OneDrive/Public/SDEV32015/WEEK2/LABS/Lab%204%20Solution/Lab%204%20Solution/src/lab/pkg4/solution/Shape.java</file>
            <file>file:/C:/Users/pmage_000/OneDrive/Public/SDEV32015/WEEK2/LABS/Lab%204%20Solution/Lab%204%20Solution/src/lab/pkg4/solution/Cylinder.java</file>
            <file>file:/C:/Users/pmage_000/OneDrive/Public/SDEV32015/WEEK2/LABS/Lab%204%20Solution/Lab%204%20Solution/src/lab/pkg4/solution/Rectangle.java</file>
            <file>file:/C:/Users/pmage_000/OneDrive/Public/SDEV32015/WEEK2/LABS/Lab%204%20Solution/Lab%204%20Solution/src/lab/pkg4/solution/Triangle.java</file>
        </group>
    </open-files>
</project-private>
