<?xml version="1.0" encoding="UTF-8"?>
<project-private xmlns="http://www.netbeans.org/ns/project-private/1">
    <editor-bookmarks xmlns="http://www.netbeans.org/ns/editor-bookmarks/2" lastBookmarkId="0"/>
    <open-files xmlns="http://www.netbeans.org/ns/projectui-open-files/2">
        <group>
            <file>file:/C:/Users/patriciamagee/Downloads/STATIC/SampleProgramsStatic/SampleProgramsStatic/src/staticblocksexample1/Test.java</file>
            <file>file:/C:/Users/patriciamagee/Downloads/STATIC/SampleProgramsStatic/SampleProgramsStatic/src/staticexample3/TestCounter.java</file>
            <file>file:/C:/Users/patriciamagee/Downloads/STATIC/SampleProgramsStatic/SampleProgramsStatic/src/staticexample1/TestProgramsStatic.java</file>
            <file>file:/C:/Users/patriciamagee/Downloads/STATIC/SampleProgramsStatic/SampleProgramsStatic/src/staticfinalexample1/TestStudent.java</file>
            <file>file:/C:/Users/patriciamagee/Downloads/STATIC/SampleProgramsStatic/SampleProgramsStatic/src/staticblocksexample1/Main.java</file>
            <file>file:/C:/Users/patriciamagee/Downloads/STATIC/SampleProgramsStatic/SampleProgramsStatic/src/staticfinalexample1/Student.java</file>
            <file>file:/C:/Users/patriciamagee/Downloads/STATIC/SampleProgramsStatic/SampleProgramsStatic/src/staticexample1/Financial.java</file>
            <file>file:/C:/Users/patriciamagee/Downloads/STATIC/SampleProgramsStatic/SampleProgramsStatic/src/staticexample2/TestMath.java</file>
            <file>file:/C:/Users/patriciamagee/Downloads/STATIC/SampleProgramsStatic/SampleProgramsStatic/src/staticexample3/Counter.java</file>
        </group>
    </open-files>
</project-private>
