<?xml version="1.0" encoding="UTF-8"?>
<project-private xmlns="http://www.netbeans.org/ns/project-private/1">
    <editor-bookmarks xmlns="http://www.netbeans.org/ns/editor-bookmarks/2" lastBookmarkId="0"/>
    <open-files xmlns="http://www.netbeans.org/ns/projectui-open-files/2">
        <group>
            <file>file:/C:/Users/pmage_000/OneDrive/Public/SDEV32015/WEEK4/LECTURES/InClassExerciseInterfacesSolution(2)/InClassExerciseInterfaces(2)/src/skeleton/Employee.java</file>
            <file>file:/C:/Users/pmage_000/OneDrive/Public/SDEV32015/WEEK4/LECTURES/InClassExerciseInterfacesSolution(2)/InClassExerciseInterfaces(2)/src/skeleton/HourlyEmployee.java</file>
            <file>file:/C:/Users/pmage_000/OneDrive/Public/SDEV32015/WEEK4/LECTURES/InClassExerciseInterfacesSolution(2)/InClassExerciseInterfaces(2)/src/skeleton/TestPayable.java</file>
            <file>file:/C:/Users/pmage_000/OneDrive/Public/SDEV32015/WEEK4/LECTURES/InClassExerciseInterfacesSolution(2)/InClassExerciseInterfaces(2)/src/skeleton/Invoice.java</file>
            <file>file:/C:/Users/pmage_000/OneDrive/Public/SDEV32015/WEEK4/LECTURES/InClassExerciseInterfacesSolution(2)/InClassExerciseInterfaces(2)/src/inclassexerciseinterfaces/pkg2/HourlyEmployee.java</file>
            <file>file:/C:/Users/pmage_000/OneDrive/Public/SDEV32015/WEEK4/LECTURES/InClassExerciseInterfacesSolution(2)/InClassExerciseInterfaces(2)/src/inclassexerciseinterfaces/pkg2/Employee.java</file>
            <file>file:/C:/Users/pmage_000/OneDrive/Public/SDEV32015/WEEK4/LECTURES/InClassExerciseInterfacesSolution(2)/InClassExerciseInterfaces(2)/src/inclassexerciseinterfaces/pkg2/IPayable.java</file>
            <file>file:/C:/Users/pmage_000/OneDrive/Public/SDEV32015/WEEK4/LECTURES/InClassExerciseInterfacesSolution(2)/InClassExerciseInterfaces(2)/src/inclassexerciseinterfaces/pkg2/Invoice.java</file>
            <file>file:/C:/Users/pmage_000/OneDrive/Public/SDEV32015/WEEK4/LECTURES/InClassExerciseInterfacesSolution(2)/InClassExerciseInterfaces(2)/src/inclassexerciseinterfaces/pkg2/TestPayable.java</file>
        </group>
    </open-files>
</project-private>
