<?xml version="1.0" encoding="UTF-8"?>
<project-private xmlns="http://www.netbeans.org/ns/project-private/1">
    <editor-bookmarks xmlns="http://www.netbeans.org/ns/editor-bookmarks/2" lastBookmarkId="0"/>
    <open-files xmlns="http://www.netbeans.org/ns/projectui-open-files/2">
        <group>
            <file>file:/C:/Users/pmage_000/OneDrive/Public/SDEV32015/WEEK4/LECTURES/InterfacesPart1SamplePrograms/InterfacesPart1SamplePrograms/src/example2/TestConversion.java</file>
            <file>file:/C:/Users/pmage_000/OneDrive/Public/SDEV32015/WEEK4/LECTURES/InterfacesPart1SamplePrograms/InterfacesPart1SamplePrograms/src/example1/TestVehicle.java</file>
            <file>file:/C:/Users/pmage_000/OneDrive/Public/SDEV32015/WEEK4/LECTURES/InterfacesPart1SamplePrograms/InterfacesPart1SamplePrograms/src/example1/ImportDuty.java</file>
            <file>file:/C:/Users/pmage_000/OneDrive/Public/SDEV32015/WEEK4/LECTURES/InterfacesPart1SamplePrograms/InterfacesPart1SamplePrograms/src/example1/Vehicle.java</file>
            <file>file:/C:/Users/pmage_000/OneDrive/Public/SDEV32015/WEEK4/LECTURES/InterfacesPart1SamplePrograms/InterfacesPart1SamplePrograms/src/example2/ConversionFactors.java</file>
            <file>file:/C:/Users/pmage_000/OneDrive/Public/SDEV32015/WEEK4/LECTURES/InterfacesPart1SamplePrograms/InterfacesPart1SamplePrograms/src/example2/Conversions.java</file>
            <file>file:/C:/Users/pmage_000/OneDrive/Public/SDEV32015/WEEK4/LECTURES/InterfacesPart1SamplePrograms/InterfacesPart1SamplePrograms/src/example2/MyClass.java</file>
        </group>
    </open-files>
</project-private>
