<?xml version="1.0" encoding="UTF-8"?>
<project-private xmlns="http://www.netbeans.org/ns/project-private/1">
    <open-files xmlns="http://www.netbeans.org/ns/projectui-open-files/2">
        <group>
            <file>file:/C:/Users/pmage_000/OneDrive/Public/SDEV32015/WEEK2/LABS/Lab%203%20Solution/JavaApplication10/src/exercise2/Friend.java</file>
            <file>file:/C:/Users/pmage_000/OneDrive/Public/SDEV32015/WEEK2/LABS/Lab%203%20Solution/JavaApplication10/src/exercise2/TestFriends.java</file>
        </group>
    </open-files>
</project-private>
