<?xml version="1.0" encoding="UTF-8"?>
<project-private xmlns="http://www.netbeans.org/ns/project-private/1">
    <open-files xmlns="http://www.netbeans.org/ns/projectui-open-files/2">
        <group>
            <file>file:/C:/Users/pmage_000/OneDrive/Public/SDEV32015/WEEK1/lectures/SampleProgramsFormatting/SamplesFormatting/src/ex2/CurrencyTest.java</file>
            <file>file:/C:/Users/pmage_000/OneDrive/Public/SDEV32015/WEEK1/lectures/SampleProgramsFormatting/SamplesFormatting/src/ex1/TestFormat1.java</file>
            <file>file:/C:/Users/pmage_000/OneDrive/Public/SDEV32015/WEEK1/lectures/SampleProgramsFormatting/SamplesFormatting/src/ex1/TestFormat2.java</file>
        </group>
    </open-files>
</project-private>
